name,ra,dec
20dfgfdgdf,176.4545667755,-30.68695948493490
20gegree,176.4545667755,-30.68695948493490
20ergerg,176.4545667755,-30.68695948493490
20grregr,176.4545667755,-30.68695948493490
20dfgderger,176.4545667755,-30.68695948493490
20dfgdfag,176.4545667755,-30.68695948493490
20fdgdffdg,176.4545667755,-30.68695948493490
