name,ra,dec
20dfgfdgdf,176.4545667755,-30.68695948493490
